Login_page,Class,Status,DOD,Last_update_date
265122,Business,complete,10/25/2015 12:00:00 AM,
265057,Economy/Coach,complete,10/27/2015 12:00:00 AM,
265112,Premium (Special) Economy,complete,10/27/2015 12:00:00 AM,
265113,Economy/Coach,complete,10/28/2015 12:00:00 AM,
265086,Economy/Coach,complete,10/29/2015 12:00:00 AM,
265037,Business,complete,10/29/2015 12:00:00 AM,
263532,Economy/Coach,complete,10/30/2015 12:00:00 AM,
265072,Business,complete,10/30/2015 12:00:00 AM,
265050,Economy/Coach,complete,11/1/2015 12:00:00 AM,
265226,Economy/Coach,complete,11/1/2015 12:00:00 AM,
263533,Economy/Coach,complete,11/1/2015 12:00:00 AM,
263535,Economy/Coach,complete,11/2/2015 12:00:00 AM,
265040,Business,complete,11/2/2015 12:00:00 AM,
265188,Economy/Coach,complete,11/2/2015 12:00:00 AM,
188018,Business,complete,11/2/2015 12:00:00 AM,
265153,Economy/Coach,complete,11/3/2015 12:00:00 AM,
265114,Business,complete,11/3/2015 12:00:00 AM,
265029,Economy/Coach,complete,11/3/2015 12:00:00 AM,
265104,Economy/Coach,complete,11/6/2015 12:00:00 AM,
265081,Business,complete,11/6/2015 12:00:00 AM,
265045,Economy/Coach,complete,11/6/2015 12:00:00 AM,
265020,Business,complete,11/9/2015 12:00:00 AM,
265183,Economy/Coach,complete,11/10/2015 12:00:00 AM,
188011,Economy/Coach,complete,11/10/2015 12:00:00 AM,
265210,Premium (Special) Economy,complete,11/10/2015 12:00:00 AM,
265131,Economy/Coach,complete,11/12/2015 12:00:00 AM,
265208,Economy/Coach,complete,11/13/2015 12:00:00 AM,
265108,Economy/Coach,complete,11/15/2015 12:00:00 AM,
265180,Economy/Coach,complete,11/15/2015 12:00:00 AM,
265025,Economy/Coach,complete,11/15/2015 12:00:00 AM,
263730,Economy/Coach,complete,11/15/2015 12:00:00 AM,
190044,Business,complete,11/16/2015 12:00:00 AM,
144072,Economy/Coach,complete,11/16/2015 12:00:00 AM,
190047,Economy/Coach,complete,11/16/2015 12:00:00 AM,
263693,Business,complete,11/16/2015 12:00:00 AM,
265082,Business,complete,11/16/2015 12:00:00 AM,
263623,Business,complete,11/17/2015 12:00:00 AM,
263654,Economy/Coach,complete,11/17/2015 12:00:00 AM,
263705,Economy/Coach,complete,11/17/2015 12:00:00 AM,
263748,Economy/Coach,complete,11/18/2015 12:00:00 AM,
265044,Economy/Coach,complete,11/18/2015 12:00:00 AM,
263699,Economy/Coach,complete,11/18/2015 12:00:00 AM,
263704,Economy/Coach,complete,11/18/2015 12:00:00 AM,
263624,Business,complete,11/17/2015 12:00:00 AM,
265249,Economy/Coach,complete,11/19/2015 12:00:00 AM,
188023,Economy/Coach,complete,11/19/2015 12:00:00 AM,
263637,Economy/Coach,complete,11/21/2015 12:00:00 AM,
263678,Economy/Coach,complete,11/21/2015 12:00:00 AM,
263279,Economy/Coach,complete,11/22/2015 12:00:00 AM,
263675,Economy/Coach,complete,11/22/2015 12:00:00 AM,
263252,Economy/Coach,complete,11/22/2015 12:00:00 AM,
263271,Business,complete,11/22/2015 12:00:00 AM,
263276,Economy/Coach,complete,11/22/2015 12:00:00 AM,
263285,Business,complete,11/22/2015 12:00:00 AM,
263733,Business,complete,11/23/2015 12:00:00 AM,
263324,Business,complete,11/22/2015 12:00:00 AM,
190033,Economy/Coach,complete,11/23/2015 12:00:00 AM,
190060,Economy/Coach,complete,11/24/2015 12:00:00 AM,
190035,Economy/Coach,complete,11/24/2015 12:00:00 AM,
263289,Economy/Coach,complete,11/24/2015 12:00:00 AM,
190063,Economy/Coach,complete,11/24/2015 12:00:00 AM,
190030,Economy/Coach,complete,11/24/2015 12:00:00 AM,
190069,Business,complete,11/24/2015 12:00:00 AM,
263500,Economy/Coach,complete,11/25/2015 12:00:00 AM,
250529,Economy/Coach,complete,11/25/2015 12:00:00 AM,
263493,Economy/Coach,complete,11/25/2015 12:00:00 AM,
190117,Economy/Coach,complete,11/25/2015 12:00:00 AM,
263373,Economy/Coach,complete,11/26/2015 12:00:00 AM,
263486,Economy/Coach,complete,11/26/2015 12:00:00 AM,
263434,Economy/Coach,complete,11/26/2015 12:00:00 AM,
263435,Economy/Coach,complete,11/26/2015 12:00:00 AM,
263490,Economy/Coach,complete,11/26/2015 12:00:00 AM,
263659,Premium (Special) Economy,complete,11/26/2015 12:00:00 AM,
263487,Economy/Coach,complete,11/26/2015 12:00:00 AM,
190012,Economy/Coach,complete,11/26/2015 12:00:00 AM,
263471,Business,complete,11/27/2015 12:00:00 AM,
263676,Economy/Coach,complete,11/28/2015 12:00:00 AM,
263364,Economy/Coach,complete,11/28/2015 12:00:00 AM,
263303,Economy/Coach,complete,11/28/2015 12:00:00 AM,
263384,Economy/Coach,complete,11/28/2015 12:00:00 AM,
265308,Economy/Coach,complete,11/29/2015 12:00:00 AM,
263404,Economy/Coach,complete,11/29/2015 12:00:00 AM,
231082,Business,complete,11/29/2015 12:00:00 AM,
231086,Economy/Coach,complete,11/29/2015 12:00:00 AM,
263464,Business,complete,11/29/2015 12:00:00 AM,
263318,Economy/Coach,complete,11/30/2015 12:00:00 AM,
265199,Economy/Coach,complete,11/30/2015 12:00:00 AM,
263372,Economy/Coach,complete,11/30/2015 12:00:00 AM,
265309,Economy/Coach,complete,11/30/2015 12:00:00 AM,
265333,Economy/Coach,complete,11/30/2015 12:00:00 AM,
190066,Economy/Coach,complete,11/30/2015 12:00:00 AM,
263405,Economy/Coach,complete,11/30/2015 12:00:00 AM,
218835,Economy/Coach,complete,12/1/2015 12:00:00 AM,
265314,Business,complete,12/1/2015 12:00:00 AM,
190006,Economy/Coach,complete,12/1/2015 12:00:00 AM,
190019,Economy/Coach,complete,12/1/2015 12:00:00 AM,
231079,Economy/Coach,complete,12/1/2015 12:00:00 AM,
190020,Economy/Coach,complete,12/1/2015 12:00:00 AM,
218828,Economy/Coach,complete,12/2/2015 12:00:00 AM,
263263,Business,complete,12/2/2015 12:00:00 AM,
263343,Business,complete,12/2/2015 12:00:00 AM,
263642,Economy/Coach,complete,12/2/2015 12:00:00 AM,
263478,Economy/Coach,complete,12/3/2015 12:00:00 AM,
188012,Economy/Coach,complete,12/3/2015 12:00:00 AM,
265408,Economy/Coach,complete,12/3/2015 12:00:00 AM,
188050,Business,complete,12/4/2015 12:00:00 AM,
188041,Economy/Coach,complete,12/4/2015 12:00:00 AM,
265241,Economy/Coach,complete,12/4/2015 12:00:00 AM,
190018,Economy/Coach,complete,12/8/2015 12:00:00 AM,
263713,Economy/Coach,complete,12/8/2015 12:00:00 AM,
188108,Economy/Coach,complete,12/8/2015 12:00:00 AM,
265390,Economy/Coach,complete,12/8/2015 12:00:00 AM,
188073,Economy/Coach,complete,12/9/2015 12:00:00 AM,
188077,Premium (Special) Economy,complete,12/10/2015 12:00:00 AM,
231105,Economy/Coach,complete,12/10/2015 12:00:00 AM,
267887,Business,complete,12/12/2015 12:00:00 AM,
146386,Economy/Coach,complete,12/12/2015 12:00:00 AM,
188049,Economy/Coach,complete,12/12/2015 12:00:00 AM,
265414,Economy/Coach,complete,12/13/2015 12:00:00 AM,
265583,Economy/Coach,complete,12/13/2015 12:00:00 AM,
188087,Economy/Coach,complete,12/13/2015 12:00:00 AM,
188137,Economy/Coach,complete,12/14/2015 12:00:00 AM,
263257,Premium (Special) Economy,complete,12/14/2015 12:00:00 AM,
188136,Business,complete,12/14/2015 12:00:00 AM,
265707,Economy/Coach,complete,12/14/2015 12:00:00 AM,
265541,Economy/Coach,complete,12/14/2015 12:00:00 AM,
265742,Economy/Coach,complete,12/14/2015 12:00:00 AM,
265529,Business,complete,12/15/2015 12:00:00 AM,
231098,Business,complete,12/15/2015 12:00:00 AM,
265593,Economy/Coach,complete,12/15/2015 12:00:00 AM,
265523,Economy/Coach,complete,12/15/2015 12:00:00 AM,
265389,Economy/Coach,complete,12/15/2015 12:00:00 AM,
265699,Economy/Coach,complete,12/15/2015 12:00:00 AM,
265686,Economy/Coach,complete,12/16/2015 12:00:00 AM,
188062,Economy/Coach,complete,12/16/2015 12:00:00 AM,
265692,Business,complete,12/17/2015 12:00:00 AM,
265524,Business,complete,12/17/2015 12:00:00 AM,
188070,Business,complete,12/17/2015 12:00:00 AM,
265568,Economy/Coach,complete,12/18/2015 12:00:00 AM,
263296,Economy/Coach,complete,12/18/2015 12:00:00 AM,
265491,Economy/Coach,complete,12/18/2015 12:00:00 AM,
265706,Economy/Coach,complete,12/18/2015 12:00:00 AM,
182621,Economy/Coach,complete,12/19/2015 12:00:00 AM,
265796,Economy/Coach,complete,12/19/2015 12:00:00 AM,
265753,Economy/Coach,complete,12/19/2015 12:00:00 AM,
265754,Economy/Coach,complete,12/19/2015 12:00:00 AM,
182694,Business,complete,12/19/2015 12:00:00 AM,
265579,Economy/Coach,complete,12/19/2015 12:00:00 AM,
265770,Economy/Coach,complete,12/19/2015 12:00:00 AM,
265632,Economy/Coach,complete,12/20/2015 12:00:00 AM,
265760,Economy/Coach,complete,12/20/2015 12:00:00 AM,
265677,Economy/Coach,complete,12/22/2015 12:00:00 AM,
188150,Economy/Coach,complete,12/22/2015 12:00:00 AM,
218850,Economy/Coach,complete,12/22/2015 12:00:00 AM,
265926,Premium (Special) Economy,complete,12/22/2015 12:00:00 AM,
265844,Economy/Coach,complete,12/22/2015 12:00:00 AM,
267801,Premium (Special) Economy,complete,12/23/2015 12:00:00 AM,
266069,Economy/Coach,complete,12/23/2015 12:00:00 AM,
265894,Economy/Coach,complete,12/23/2015 12:00:00 AM,
182611,Economy/Coach,complete,12/23/2015 12:00:00 AM,
267833,Economy/Coach,complete,12/24/2015 12:00:00 AM,
265957,Economy/Coach,complete,12/24/2015 12:00:00 AM,
265941,Business,complete,12/24/2015 12:00:00 AM,
265938,Economy/Coach,complete,12/24/2015 12:00:00 AM,
231138,Economy/Coach,complete,12/25/2015 12:00:00 AM,
265996,Economy/Coach,complete,12/25/2015 12:00:00 AM,
265935,Economy/Coach,complete,12/25/2015 12:00:00 AM,
265406,Economy/Coach,complete,12/26/2015 12:00:00 AM,
265950,Economy/Coach,complete,12/26/2015 12:00:00 AM,
263457,Economy/Coach,complete,12/26/2015 12:00:00 AM,
231169,Economy/Coach,complete,12/27/2015 12:00:00 AM,
265525,Economy/Coach,complete,12/27/2015 12:00:00 AM,
188089,Economy/Coach,complete,12/27/2015 12:00:00 AM,
218980,Economy/Coach,complete,12/28/2015 12:00:00 AM,
266041,Economy/Coach,complete,12/28/2015 12:00:00 AM,
265899,Economy/Coach,complete,12/28/2015 12:00:00 AM,
266152,Premium (Special) Economy,complete,12/28/2015 12:00:00 AM,
182707,Business,complete,12/28/2015 12:00:00 AM,
266007,Economy/Coach,complete,12/28/2015 12:00:00 AM,
266182,Economy/Coach,complete,12/28/2015 12:00:00 AM,
231158,Business,complete,12/29/2015 12:00:00 AM,
266128,Economy/Coach,complete,12/29/2015 12:00:00 AM,
266139,Economy/Coach,complete,12/29/2015 12:00:00 AM,
266154,Economy/Coach,complete,12/29/2015 12:00:00 AM,
266155,Economy/Coach,complete,12/29/2015 12:00:00 AM,
265995,Economy/Coach,complete,12/29/2015 12:00:00 AM,
231095,Economy/Coach,complete,12/29/2015 12:00:00 AM,
266091,Economy/Coach,complete,12/29/2015 12:00:00 AM,
266051,Premium (Special) Economy,complete,12/30/2015 12:00:00 AM,
267926,Economy/Coach,complete,12/30/2015 12:00:00 AM,
267901,Business,complete,12/30/2015 12:00:00 AM,
218820,Economy/Coach,complete,12/30/2015 12:00:00 AM,
218997,Economy/Coach,complete,12/30/2015 12:00:00 AM,
266043,Economy/Coach,complete,12/30/2015 12:00:00 AM,
266068,Economy/Coach,complete,12/30/2015 12:00:00 AM,
267915,Economy/Coach,complete,12/31/2015 12:00:00 AM,
266026,Economy/Coach,complete,12/27/2015 12:00:00 AM,
263433,Premium (Special) Economy,complete,12/31/2015 12:00:00 AM,
267909,Economy/Coach,complete,12/31/2015 12:00:00 AM,
265631,Economy/Coach,complete,1/1/2016 12:00:00 AM,
231168,Economy/Coach,complete,1/1/2016 12:00:00 AM,
265759,Economy/Coach,complete,1/2/2016 12:00:00 AM,
182622,Economy/Coach,complete,1/2/2016 12:00:00 AM,
218816,Economy/Coach,complete,1/2/2016 12:00:00 AM,
190067,Premium (Special) Economy,complete,1/2/2016 12:00:00 AM,
182695,Economy/Coach,complete,1/3/2016 12:00:00 AM,
218991,Economy/Coach,complete,1/3/2016 12:00:00 AM,
182623,Economy/Coach,complete,1/3/2016 12:00:00 AM,
231149,Business,complete,1/3/2016 12:00:00 AM,
265967,Economy/Coach,complete,1/3/2016 12:00:00 AM,
106106,Premium (Special) Economy,complete,1/4/2016 12:00:00 AM,
266137,Economy/Coach,complete,12/23/2015 12:00:00 AM,
266240,Economy/Coach,complete,1/4/2016 12:00:00 AM,
182411,Business,complete,1/4/2016 12:00:00 AM,
265609,Economy/Coach,complete,1/4/2016 12:00:00 AM,
266224,Economy/Coach,complete,1/4/2016 12:00:00 AM,
266225,Economy/Coach,complete,1/4/2016 12:00:00 AM,
265952,Business,complete,1/4/2016 12:00:00 AM,
265443,Economy/Coach,complete,1/4/2016 12:00:00 AM,
266036,Economy/Coach,complete,1/5/2016 12:00:00 AM,
188147,Economy/Coach,complete,1/5/2016 12:00:00 AM,
265948,Economy/Coach,complete,1/5/2016 12:00:00 AM,
231157,Business,complete,1/5/2016 12:00:00 AM,
266361,Economy/Coach,complete,1/6/2016 12:00:00 AM,
182713,Economy/Coach,complete,1/6/2016 12:00:00 AM,
265984,Economy/Coach,complete,1/6/2016 12:00:00 AM,
182615,Economy/Coach,complete,1/7/2016 12:00:00 AM,
266335,Economy/Coach,complete,1/7/2016 12:00:00 AM,
266334,Economy/Coach,complete,1/7/2016 12:00:00 AM,
266434,Economy/Coach,complete,1/7/2016 12:00:00 AM,
266391,Economy/Coach,complete,1/7/2016 12:00:00 AM,
106102,Economy/Coach,complete,1/7/2016 12:00:00 AM,
266426,Business,complete,1/7/2016 12:00:00 AM,
266265,Economy/Coach,complete,1/7/2016 12:00:00 AM,
188169,Business,complete,1/7/2016 12:00:00 AM,
188170,Business,complete,1/7/2016 12:00:00 AM,
266321,Economy/Coach,complete,1/7/2016 12:00:00 AM,
265624,Economy/Coach,complete,1/7/2016 12:00:00 AM,
266458,Economy/Coach,complete,1/8/2016 12:00:00 AM,
266459,Economy/Coach,complete,1/8/2016 12:00:00 AM,
182617,Premium (Special) Economy,complete,1/8/2016 12:00:00 AM,
188095,Economy/Coach,complete,1/8/2016 12:00:00 AM,
188107,Economy/Coach,complete,1/8/2016 12:00:00 AM,
182620,Premium (Special) Economy,complete,1/10/2016 12:00:00 AM,
266371,Economy/Coach,complete,1/8/2016 12:00:00 AM,
266066,Economy/Coach,complete,1/8/2016 12:00:00 AM,
182417,Economy/Coach,complete,1/8/2016 12:00:00 AM,
182684,Economy/Coach,complete,1/8/2016 12:00:00 AM,
182691,Economy/Coach,complete,1/8/2016 12:00:00 AM,
182690,Economy/Coach,complete,1/8/2016 12:00:00 AM,
106109,Business,complete,1/9/2016 12:00:00 AM,
182404,Economy/Coach,complete,1/9/2016 12:00:00 AM,
182413,Business,complete,1/9/2016 12:00:00 AM,
182424,Economy/Coach,complete,1/9/2016 12:00:00 AM,
266442,Business,complete,1/9/2016 12:00:00 AM,
182423,Economy/Coach,complete,1/9/2016 12:00:00 AM,
182366,Business,complete,1/9/2016 12:00:00 AM,
182414,Business,complete,1/9/2016 12:00:00 AM,
231163,Economy/Coach,complete,1/9/2016 12:00:00 AM,
231184,Economy/Coach,complete,1/9/2016 12:00:00 AM,
266009,Economy/Coach,complete,1/9/2016 12:00:00 AM,
266010,Economy/Coach,complete,1/9/2016 12:00:00 AM,
266394,Economy/Coach,complete,1/9/2016 12:00:00 AM,
182378,Economy/Coach,complete,1/10/2016 12:00:00 AM,
182416,Economy/Coach,complete,1/10/2016 12:00:00 AM,
182327,Premium (Special) Economy,complete,1/10/2016 12:00:00 AM,
188145,Economy/Coach,complete,1/10/2016 12:00:00 AM,
266425,Economy/Coach,complete,1/10/2016 12:00:00 AM,
182677,Economy/Coach,complete,1/10/2016 12:00:00 AM,
266329,Economy/Coach,complete,1/10/2016 12:00:00 AM,
182678,Economy/Coach,complete,1/10/2016 12:00:00 AM,
182419,Economy/Coach,complete,1/10/2016 12:00:00 AM,
266095,Economy/Coach,complete,1/11/2016 12:00:00 AM,
182357,Business,complete,1/11/2016 12:00:00 AM,
266346,Economy/Coach,complete,1/11/2016 12:00:00 AM,
266342,Economy/Coach,complete,1/11/2016 12:00:00 AM,
182415,Premium (Special) Economy,complete,1/11/2016 12:00:00 AM,
263677,Economy/Coach,complete,1/11/2016 12:00:00 AM,
182420,Economy/Coach,complete,1/12/2016 12:00:00 AM,
182410,Economy/Coach,complete,1/12/2016 12:00:00 AM,
182353,Business,complete,1/12/2016 12:00:00 AM,
266085,Economy/Coach,complete,1/13/2016 12:00:00 AM,
182702,Premium (Special) Economy,complete,1/13/2016 12:00:00 AM,
267078,Economy/Coach,complete,1/13/2016 12:00:00 AM,
266444,Economy/Coach,complete,1/14/2016 12:00:00 AM,
267637,Economy/Coach,complete,1/14/2016 12:00:00 AM,
264917,Economy/Coach,complete,1/15/2016 12:00:00 AM,
182363,Premium (Special) Economy,complete,1/15/2016 12:00:00 AM,
188226,Economy/Coach,complete,1/15/2016 12:00:00 AM,
267946,Economy/Coach,complete,1/15/2016 12:00:00 AM,
267950,Economy/Coach,complete,1/15/2016 12:00:00 AM,
263611,Business,complete,1/15/2016 12:00:00 AM,
267057,Economy/Coach,complete,1/16/2016 12:00:00 AM,
188216,Economy/Coach,complete,1/16/2016 12:00:00 AM,
265872,Economy/Coach,complete,1/16/2016 12:00:00 AM,
105432,Business,complete,1/16/2016 12:00:00 AM,
267055,Economy/Coach,complete,1/17/2016 12:00:00 AM,
264927,Business,complete,1/17/2016 12:00:00 AM,
231209,Economy/Coach,complete,1/17/2016 12:00:00 AM,
267069,Business,complete,1/17/2016 12:00:00 AM,
188122,Economy/Coach,complete,1/17/2016 12:00:00 AM,
182683,Premium (Special) Economy,complete,1/18/2016 12:00:00 AM,
182434,Economy/Coach,complete,1/18/2016 12:00:00 AM,
264893,Economy/Coach,complete,1/18/2016 12:00:00 AM,
182435,Economy/Coach,complete,1/18/2016 12:00:00 AM,
182745,Premium (Special) Economy,complete,1/18/2016 12:00:00 AM,
267010,Economy/Coach,complete,1/18/2016 12:00:00 AM,
266509,Economy/Coach,complete,1/18/2016 12:00:00 AM,
266470,Economy/Coach,complete,1/19/2016 12:00:00 AM,
267070,Business,complete,1/19/2016 12:00:00 AM,
266504,Economy/Coach,complete,1/19/2016 12:00:00 AM,
188202,Economy/Coach,complete,1/20/2016 12:00:00 AM,
265750,Economy/Coach,complete,1/20/2016 12:00:00 AM,
266484,Economy/Coach,complete,1/20/2016 12:00:00 AM,
218827,Economy/Coach,complete,1/20/2016 12:00:00 AM,
267020,Economy/Coach,complete,1/20/2016 12:00:00 AM,
266307,Economy/Coach,complete,1/21/2016 12:00:00 AM,
266602,Economy/Coach,complete,1/21/2016 12:00:00 AM,
188146,Economy/Coach,complete,1/21/2016 12:00:00 AM,
266463,Economy/Coach,complete,1/21/2016 12:00:00 AM,
267930,Economy/Coach,complete,1/21/2016 12:00:00 AM,
266620,Economy/Coach,complete,1/24/2016 12:00:00 AM,
266541,Economy/Coach,complete,1/22/2016 12:00:00 AM,
266527,Economy/Coach,complete,1/22/2016 12:00:00 AM,
267116,Business,complete,1/22/2016 12:00:00 AM,
182347,Economy/Coach,complete,1/23/2016 12:00:00 AM,
266436,Economy/Coach,complete,1/24/2016 12:00:00 AM,
182409,Economy/Coach,complete,1/24/2016 12:00:00 AM,
264862,Economy/Coach,complete,1/25/2016 12:00:00 AM,
266735,Economy/Coach,complete,1/25/2016 12:00:00 AM,
182354,Business,complete,1/25/2016 12:00:00 AM,
266526,Economy/Coach,complete,1/25/2016 12:00:00 AM,
182700,Economy/Coach,complete,1/25/2016 12:00:00 AM,
266131,Economy/Coach,complete,1/25/2016 12:00:00 AM,
182729,Premium (Special) Economy,complete,1/26/2016 12:00:00 AM,
231225,Economy/Coach,complete,1/26/2016 12:00:00 AM,
266556,Economy/Coach,complete,1/26/2016 12:00:00 AM,
166556,Economy/Coach,complete,1/26/2016 12:00:00 AM,
188224,Economy/Coach,complete,1/27/2016 12:00:00 AM,
266841,Economy/Coach,complete,1/27/2016 12:00:00 AM,
182720,Economy/Coach,complete,1/28/2016 12:00:00 AM,
182341,Economy/Coach,complete,1/28/2016 12:00:00 AM,
188241,Economy/Coach,complete,1/29/2016 12:00:00 AM,
188206,Economy/Coach,complete,1/29/2016 12:00:00 AM,
182438,Economy/Coach,complete,1/29/2016 12:00:00 AM,
182748,Economy/Coach,complete,1/29/2016 12:00:00 AM,
182374,Economy/Coach,complete,1/31/2016 12:00:00 AM,
182739,Economy/Coach,complete,1/31/2016 12:00:00 AM,
182740,Economy/Coach,complete,2/1/2016 12:00:00 AM,
266875,Business,complete,2/1/2016 12:00:00 AM,
182373,Economy/Coach,complete,2/1/2016 12:00:00 AM,
266743,Economy/Coach,complete,2/1/2016 12:00:00 AM,
266652,Economy/Coach,complete,2/1/2016 12:00:00 AM,
188228,Economy/Coach,complete,2/1/2016 12:00:00 AM,
182431,Premium (Special) Economy,complete,2/2/2016 12:00:00 AM,
266671,Economy/Coach,complete,2/2/2016 12:00:00 AM,
266774,Business,complete,2/2/2016 12:00:00 AM,
266542,Economy/Coach,complete,2/2/2016 12:00:00 AM,
266668,Economy/Coach,complete,2/2/2016 12:00:00 AM,
267147,Economy/Coach,complete,2/3/2016 12:00:00 AM,
266777,Business,complete,2/3/2016 12:00:00 AM,
266761,Economy/Coach,complete,2/3/2016 12:00:00 AM,
266665,Economy/Coach,complete,2/3/2016 12:00:00 AM,
266765,Economy/Coach,complete,2/3/2016 12:00:00 AM,
266005,Economy/Coach,complete,2/3/2016 12:00:00 AM,
182356,Business,complete,2/4/2016 12:00:00 AM,
266971,Economy/Coach,complete,2/5/2016 12:00:00 AM,
266587,Economy/Coach,complete,2/6/2016 12:00:00 AM,
266586,Economy/Coach,complete,2/6/2016 12:00:00 AM,
266387,Economy/Coach,complete,2/7/2016 12:00:00 AM,
267258,Economy/Coach,complete,2/8/2016 12:00:00 AM,
264551,Economy/Coach,complete,2/8/2016 12:00:00 AM,
264021,Economy/Coach,complete,2/9/2016 12:00:00 AM,
266812,Economy/Coach,complete,2/9/2016 12:00:00 AM,
266783,Business,complete,2/9/2016 12:00:00 AM,
266794,Economy/Coach,complete,2/9/2016 12:00:00 AM,
206560,Premium (Special) Economy,complete,2/9/2016 12:00:00 AM,
264041,Business,complete,2/9/2016 12:00:00 AM,
206049,Business,complete,2/11/2016 12:00:00 AM,
206064,Economy/Coach,complete,2/11/2016 12:00:00 AM,
206075,Economy/Coach,complete,2/11/2016 12:00:00 AM,
206057,Economy/Coach,complete,2/12/2016 12:00:00 AM,
206058,Economy/Coach,complete,2/12/2016 12:00:00 AM,
267859,Economy/Coach,complete,2/13/2016 12:00:00 AM,
267301,Economy/Coach,complete,2/13/2016 12:00:00 AM,
116204,Economy/Coach,complete,2/14/2016 12:00:00 AM,
266828,Economy/Coach,complete,2/14/2016 12:00:00 AM,
206587,Economy/Coach,complete,2/14/2016 12:00:00 AM,
206586,Economy/Coach,complete,2/14/2016 12:00:00 AM,
266775,Economy/Coach,complete,2/14/2016 12:00:00 AM,
182375,Economy/Coach,complete,2/14/2016 12:00:00 AM,
182736,Economy/Coach,complete,2/14/2016 12:00:00 AM,
182735,Economy/Coach,complete,2/14/2016 12:00:00 AM,
267378,Economy/Coach,complete,2/14/2016 12:00:00 AM,
266756,Economy/Coach,complete,2/15/2016 12:00:00 AM,
267388,Economy/Coach,complete,2/16/2016 12:00:00 AM,
267393,Premium (Special) Economy,complete,2/16/2016 12:00:00 AM,
206643,Economy/Coach,complete,2/17/2016 12:00:00 AM,
206563,Economy/Coach,complete,2/17/2016 12:00:00 AM,
206562,Economy/Coach,complete,2/17/2016 12:00:00 AM,
264381,Economy/Coach,complete,2/18/2016 12:00:00 AM,
267538,Economy/Coach,complete,2/19/2016 12:00:00 AM,
206243,Economy/Coach,complete,2/20/2016 12:00:00 AM,
206166,Economy/Coach,complete,2/20/2016 12:00:00 AM,
206151,Economy/Coach,complete,2/20/2016 12:00:00 AM,
182728,Economy/Coach,complete,2/21/2016 12:00:00 AM,
189787,Economy/Coach,complete,2/21/2016 12:00:00 AM,
182437,Business,complete,2/23/2016 12:00:00 AM,
182436,Business,complete,2/23/2016 12:00:00 AM,
204757,Economy/Coach,complete,2/23/2016 12:00:00 AM,
190098,Economy/Coach,complete,2/23/2016 12:00:00 AM,
264072,Economy/Coach,complete,2/24/2016 12:00:00 AM,
264358,Economy/Coach,complete,2/24/2016 12:00:00 AM,
267359,Economy/Coach,complete,2/24/2016 12:00:00 AM,
204801,Economy/Coach,complete,2/25/2016 12:00:00 AM,
204841,Economy/Coach,complete,2/25/2016 12:00:00 AM,
182342,Economy/Coach,complete,2/25/2016 12:00:00 AM,
264570,Economy/Coach,complete,2/25/2016 12:00:00 AM,
188157,Economy/Coach,complete,2/25/2016 12:00:00 AM,
267530,Economy/Coach,complete,2/25/2016 12:00:00 AM,
264085,Economy/Coach,complete,2/26/2016 12:00:00 AM,
264092,Economy/Coach,complete,2/26/2016 12:00:00 AM,
264351,Economy/Coach,complete,2/26/2016 12:00:00 AM,
265310,Economy/Coach,complete,2/28/2016 12:00:00 AM,
206307,Economy/Coach,complete,2/29/2016 12:00:00 AM,
204838,Economy/Coach,complete,2/29/2016 12:00:00 AM,
204987,Economy/Coach,complete,2/29/2016 12:00:00 AM,
266913,Economy/Coach,complete,2/29/2016 12:00:00 AM,
269521,Economy/Coach,complete,3/1/2016 12:00:00 AM,
206317,Economy/Coach,complete,3/1/2016 12:00:00 AM,
206219,Economy/Coach,complete,3/2/2016 12:00:00 AM,
206218,Economy/Coach,complete,3/2/2016 12:00:00 AM,
206129,Economy/Coach,complete,3/2/2016 12:00:00 AM,
267457,Economy/Coach,complete,3/3/2016 12:00:00 AM,
267456,Economy/Coach,complete,3/3/2016 12:00:00 AM,
264086,Economy/Coach,complete,3/3/2016 12:00:00 AM,
264378,Economy/Coach,complete,3/3/2016 12:00:00 AM,
266934,Economy/Coach,complete,3/3/2016 12:00:00 AM,
206314,Economy/Coach,complete,3/4/2016 12:00:00 AM,
182500,Economy/Coach,complete,3/4/2016 12:00:00 AM,
182655,Economy/Coach,complete,3/4/2016 12:00:00 AM,
189856,Economy/Coach,complete,3/4/2016 12:00:00 AM,
266581,Economy/Coach,complete,3/6/2016 12:00:00 AM,
269438,Business,complete,3/6/2016 12:00:00 AM,
206455,Economy/Coach,complete,3/6/2016 12:00:00 AM,
267488,Economy/Coach,complete,3/6/2016 12:00:00 AM,
267423,Economy/Coach,complete,3/6/2016 12:00:00 AM,
269416,Economy/Coach,complete,3/6/2016 12:00:00 AM,
269412,Economy/Coach,complete,3/7/2016 12:00:00 AM,
105390,Business,complete,3/7/2016 12:00:00 AM,
269290,Economy/Coach,complete,3/7/2016 12:00:00 AM,
267420,Economy/Coach,complete,3/7/2016 12:00:00 AM,
269423,Economy/Coach,complete,3/7/2016 12:00:00 AM,
267483,Economy/Coach,complete,3/7/2016 12:00:00 AM,
264049,Premium (Special) Economy,complete,3/7/2016 12:00:00 AM,
189773,Economy/Coach,complete,3/8/2016 12:00:00 AM,
189802,Economy/Coach,complete,3/8/2016 12:00:00 AM,
206426,Economy/Coach,complete,3/8/2016 12:00:00 AM,
269422,Business,complete,3/9/2016 12:00:00 AM,
206202,Premium (Special) Economy,complete,3/10/2016 12:00:00 AM,
205816,Economy/Coach,complete,3/10/2016 12:00:00 AM,
182636,Economy/Coach,complete,3/10/2016 12:00:00 AM,
105387,Economy/Coach,complete,3/10/2016 12:00:00 AM,
182499,Premium (Special) Economy,complete,3/10/2016 12:00:00 AM,
205790,Economy/Coach,complete,3/10/2016 12:00:00 AM,
205789,Economy/Coach,complete,3/10/2016 12:00:00 AM,
266939,Premium (Special) Economy,complete,3/10/2016 12:00:00 AM,
182629,Economy/Coach,complete,3/11/2016 12:00:00 AM,
267415,Economy/Coach,complete,3/11/2016 12:00:00 AM,
264361,Economy/Coach,complete,3/11/2016 12:00:00 AM,
205902,Economy/Coach,complete,3/12/2016 12:00:00 AM,
206500,Business,complete,3/12/2016 12:00:00 AM,
182630,Business,complete,3/12/2016 12:00:00 AM,
269395,Business,complete,3/12/2016 12:00:00 AM,
269897,Economy/Coach,complete,3/13/2016 12:00:00 AM,
269378,Business,complete,3/13/2016 12:00:00 AM,
189798,Economy/Coach,complete,3/14/2016 12:00:00 AM,
269872,Economy/Coach,complete,3/14/2016 12:00:00 AM,
269490,Economy/Coach,complete,3/14/2016 12:00:00 AM,
189849,Economy/Coach,complete,3/14/2016 12:00:00 AM,
269372,Economy/Coach,complete,3/14/2016 12:00:00 AM,
269903,Economy/Coach,complete,3/14/2016 12:00:00 AM,
269464,Economy/Coach,complete,3/14/2016 12:00:00 AM,
182351,Premium (Special) Economy,complete,3/14/2016 12:00:00 AM,
269876,Economy/Coach,complete,3/14/2016 12:00:00 AM,
269941,Economy/Coach,complete,3/14/2016 12:00:00 AM,
264373,Business,complete,3/14/2016 12:00:00 AM,
266940,Economy/Coach,complete,3/14/2016 12:00:00 AM,
269316,Economy/Coach,complete,3/15/2016 12:00:00 AM,
205756,Economy/Coach,complete,3/15/2016 12:00:00 AM,
204999,Economy/Coach,complete,3/17/2016 12:00:00 AM,
204998,Economy/Coach,complete,3/17/2016 12:00:00 AM,
268765,Economy/Coach,complete,3/17/2016 12:00:00 AM,
268766,Economy/Coach,complete,3/17/2016 12:00:00 AM,
206461,Economy/Coach,complete,3/17/2016 12:00:00 AM,
268523,Economy/Coach,complete,3/17/2016 12:00:00 AM,
268522,Economy/Coach,complete,3/17/2016 12:00:00 AM,
269413,Economy/Coach,complete,3/18/2016 12:00:00 AM,
264277,Economy/Coach,complete,3/18/2016 12:00:00 AM,
269481,Premium (Special) Economy,complete,3/18/2016 12:00:00 AM,
188159,Economy/Coach,complete,3/18/2016 12:00:00 AM,
269297,Economy/Coach,complete,3/19/2016 12:00:00 AM,
269296,Economy/Coach,complete,3/19/2016 12:00:00 AM,
266618,Economy/Coach,complete,3/19/2016 12:00:00 AM,
269356,Economy/Coach,complete,3/20/2016 12:00:00 AM,
269922,Economy/Coach,complete,3/20/2016 12:00:00 AM,
205906,Business,complete,3/20/2016 12:00:00 AM,
205907,Business,complete,3/20/2016 12:00:00 AM,
206480,Economy/Coach,complete,3/20/2016 12:00:00 AM,
206402,Economy/Coach,complete,3/21/2016 12:00:00 AM,
269317,Economy/Coach,complete,3/21/2016 12:00:00 AM,
188141,Economy/Coach,complete,3/21/2016 12:00:00 AM,
269410,Business,complete,3/22/2016 12:00:00 AM,
267141,Business,complete,3/22/2016 12:00:00 AM,
204862,Business,complete,3/26/2016 12:00:00 AM,
205864,Economy/Coach,complete,3/23/2016 12:00:00 AM,
189890,Economy/Coach,complete,3/23/2016 12:00:00 AM,
206425,Economy/Coach,complete,3/23/2016 12:00:00 AM,
206422,Economy/Coach,complete,3/23/2016 12:00:00 AM,
205918,Economy/Coach,complete,3/24/2016 12:00:00 AM,
205917,Economy/Coach,complete,3/24/2016 12:00:00 AM,
206421,Economy/Coach,complete,3/24/2016 12:00:00 AM,
205916,Economy/Coach,complete,3/24/2016 12:00:00 AM,
189848,Economy/Coach,complete,3/25/2016 12:00:00 AM,
189847,Economy/Coach,complete,3/25/2016 12:00:00 AM,
204937,Economy/Coach,complete,3/25/2016 12:00:00 AM,
205981,Economy/Coach,complete,3/25/2016 12:00:00 AM,
205942,Economy/Coach,complete,3/26/2016 12:00:00 AM,
205935,Economy/Coach,complete,3/26/2016 12:00:00 AM,
205955,Economy/Coach,complete,3/26/2016 12:00:00 AM,
205954,Economy/Coach,complete,3/26/2016 12:00:00 AM,
182497,Premium (Special) Economy,complete,3/26/2016 12:00:00 AM,
269964,Economy/Coach,complete,3/26/2016 12:00:00 AM,
269321,Economy/Coach,complete,3/26/2016 12:00:00 AM,
204901,Economy/Coach,complete,3/26/2016 12:00:00 AM,
207348,Economy/Coach,complete,3/27/2016 12:00:00 AM,
207233,Economy/Coach,complete,3/27/2016 12:00:00 AM,
205764,Economy/Coach,complete,3/27/2016 12:00:00 AM,
207132,Economy/Coach,complete,3/28/2016 12:00:00 AM,
207131,Economy/Coach,complete,3/28/2016 12:00:00 AM,
205952,Economy/Coach,complete,3/29/2016 12:00:00 AM,
205953,Economy/Coach,complete,3/29/2016 12:00:00 AM,
205863,Economy/Coach,complete,3/29/2016 12:00:00 AM,
206403,Business,complete,3/29/2016 12:00:00 AM,
269350,Economy/Coach,complete,3/30/2016 12:00:00 AM,
205823,Economy/Coach,complete,3/30/2016 12:00:00 AM,
205824,Economy/Coach,complete,3/30/2016 12:00:00 AM,
207234,Economy/Coach,complete,3/30/2016 12:00:00 AM,
189877,Economy/Coach,complete,3/30/2016 12:00:00 AM,
189894,Business,complete,3/30/2016 12:00:00 AM,
205894,Economy/Coach,complete,3/30/2016 12:00:00 AM,
268767,Economy/Coach,complete,3/31/2016 12:00:00 AM,
269969,Economy/Coach,complete,3/31/2016 12:00:00 AM,
207171,Premium (Special) Economy,complete,3/31/2016 12:00:00 AM,
207106,Economy/Coach,complete,4/1/2016 12:00:00 AM,
207195,Economy/Coach,complete,4/1/2016 12:00:00 AM,
189881,Economy/Coach,complete,4/1/2016 12:00:00 AM,
268768,Economy/Coach,complete,4/1/2016 12:00:00 AM,
207107,Economy/Coach,complete,4/2/2016 12:00:00 AM,
205897,Economy/Coach,complete,4/2/2016 12:00:00 AM,
407117,Economy/Coach,complete,4/2/2016 12:00:00 AM,
207532,Premium (Special) Economy,complete,4/3/2016 12:00:00 AM,
207507,Economy/Coach,complete,4/3/2016 12:00:00 AM,
407121,Economy/Coach,complete,4/3/2016 12:00:00 AM,
189866,Economy/Coach,complete,4/3/2016 12:00:00 AM,
207565,Economy/Coach,complete,4/4/2016 12:00:00 AM,
274379,Economy/Coach,complete,4/4/2016 12:00:00 AM,
207503,Economy/Coach,complete,4/4/2016 12:00:00 AM,
407120,Economy/Coach,complete,4/4/2016 12:00:00 AM,
207108,Business,complete,4/4/2016 12:00:00 AM,
207056,Economy/Coach,complete,4/5/2016 12:00:00 AM,
205842,Economy/Coach,complete,4/5/2016 12:00:00 AM,
269458,Business,complete,4/5/2016 12:00:00 AM,
269493,Economy/Coach,complete,4/5/2016 12:00:00 AM,
207084,Premium (Special) Economy,complete,4/6/2016 12:00:00 AM,
369094,Business,complete,4/6/2016 12:00:00 AM,
191507,Business,complete,4/6/2016 12:00:00 AM,
407545,Business,complete,4/6/2016 12:00:00 AM,
191504,Economy/Coach,complete,4/6/2016 12:00:00 AM,
189913,Economy/Coach,complete,4/6/2016 12:00:00 AM,
207623,Economy/Coach,complete,4/7/2016 12:00:00 AM,
207644,Economy/Coach,complete,4/7/2016 12:00:00 AM,
207648,Premium (Special) Economy,complete,4/7/2016 12:00:00 AM,
189948,Economy/Coach,complete,4/7/2016 12:00:00 AM,
206492,Economy/Coach,complete,4/7/2016 12:00:00 AM,
272061,Economy/Coach,complete,4/7/2016 12:00:00 AM,
367555,Economy/Coach,complete,4/7/2016 12:00:00 AM,
407506,Business,complete,4/7/2016 12:00:00 AM,
191563,Economy/Coach,complete,4/8/2016 12:00:00 AM,
400027,Economy/Coach,complete,4/8/2016 12:00:00 AM,
189947,Business,complete,4/8/2016 12:00:00 AM,
268831,Economy/Coach,complete,4/9/2016 12:00:00 AM,
405025,Economy/Coach,complete,4/9/2016 12:00:00 AM,
273514,Economy/Coach,complete,4/9/2016 12:00:00 AM,
273539,Economy/Coach,complete,4/9/2016 12:00:00 AM,
269825,Economy/Coach,complete,4/9/2016 12:00:00 AM,
369135,Business,complete,4/9/2016 12:00:00 AM,
273524,Economy/Coach,complete,4/10/2016 12:00:00 AM,
269783,Economy/Coach,complete,4/10/2016 12:00:00 AM,
400036,Premium (Special) Economy,complete,4/10/2016 12:00:00 AM,
207022,Premium (Special) Economy,complete,4/10/2016 12:00:00 AM,
268761,Economy/Coach,complete,4/10/2016 12:00:00 AM,
268760,Economy/Coach,complete,4/10/2016 12:00:00 AM,
407135,Business,complete,4/10/2016 12:00:00 AM,
369136,Premium (Special) Economy,complete,4/11/2016 12:00:00 AM,
405004,Business,complete,4/11/2016 12:00:00 AM,
206817,Economy/Coach,complete,4/11/2016 12:00:00 AM,
206816,Premium (Special) Economy,complete,4/11/2016 12:00:00 AM,
207732,Economy/Coach,complete,4/12/2016 12:00:00 AM,
274048,Business,complete,4/12/2016 12:00:00 AM,
207154,Economy/Coach,complete,4/12/2016 12:00:00 AM,
207098,Economy/Coach,complete,4/12/2016 12:00:00 AM,
207624,Economy/Coach,complete,4/13/2016 12:00:00 AM,
274050,Business,complete,4/13/2016 12:00:00 AM,
207738,Economy/Coach,complete,4/13/2016 12:00:00 AM,
207742,Economy/Coach,complete,4/13/2016 12:00:00 AM,
269419,Economy/Coach,complete,4/13/2016 12:00:00 AM,
369159,Business,complete,4/13/2016 12:00:00 AM,
369158,Business,complete,4/13/2016 12:00:00 AM,
207638,Economy/Coach,complete,4/14/2016 12:00:00 AM,
205860,Economy/Coach,complete,4/14/2016 12:00:00 AM,
205859,Economy/Coach,complete,4/14/2016 12:00:00 AM,
207232,Economy/Coach,complete,4/14/2016 12:00:00 AM,
369801,Business,complete,4/14/2016 12:00:00 AM,
272658,Economy/Coach,complete,4/15/2016 12:00:00 AM,
367660,Premium (Special) Economy,complete,4/15/2016 12:00:00 AM,
207081,Economy/Coach,complete,4/15/2016 12:00:00 AM,
207082,Economy/Coach,complete,4/15/2016 12:00:00 AM,
267203,Economy/Coach,complete,4/15/2016 12:00:00 AM,
274425,Business,complete,4/15/2016 12:00:00 AM,
369759,Economy/Coach,complete,4/16/2016 12:00:00 AM,
206941,Economy/Coach,complete,4/16/2016 12:00:00 AM,
207181,Economy/Coach,complete,4/16/2016 12:00:00 AM,
207185,Economy/Coach,complete,4/16/2016 12:00:00 AM,
207508,Economy/Coach,complete,4/16/2016 12:00:00 AM,
207200,Economy/Coach,complete,4/17/2016 12:00:00 AM,
206968,Premium (Special) Economy,complete,4/17/2016 12:00:00 AM,
207099,Economy/Coach,complete,4/17/2016 12:00:00 AM,
367579,Economy/Coach,complete,4/17/2016 12:00:00 AM,
272605,Economy/Coach,complete,4/18/2016 12:00:00 AM,
207086,Economy/Coach,complete,4/18/2016 12:00:00 AM,
207031,Economy/Coach,complete,4/18/2016 12:00:00 AM,
400024,Economy/Coach,complete,4/18/2016 12:00:00 AM,
207227,Economy/Coach,complete,4/18/2016 12:00:00 AM,
269488,Economy/Coach,complete,4/18/2016 12:00:00 AM,
206759,Economy/Coach,complete,4/20/2016 12:00:00 AM,
207228,Economy/Coach,complete,4/20/2016 12:00:00 AM,
268557,Economy/Coach,complete,4/20/2016 12:00:00 AM,
205905,Economy/Coach,complete,4/20/2016 12:00:00 AM,
272548,Economy/Coach,complete,4/20/2016 12:00:00 AM,
405649,Economy/Coach,complete,4/22/2016 12:00:00 AM,
269452,Economy/Coach,complete,4/21/2016 12:00:00 AM,
367611,Business,complete,4/22/2016 12:00:00 AM,
368533,Economy/Coach,complete,4/22/2016 12:00:00 AM,
206814,Economy/Coach,complete,4/22/2016 12:00:00 AM,
345524,Economy/Coach,complete,4/22/2016 12:00:00 AM,
207527,Economy/Coach,complete,4/22/2016 12:00:00 AM,
405648,Economy/Coach,complete,4/22/2016 12:00:00 AM,
207665,Economy/Coach,complete,4/22/2016 12:00:00 AM,
207664,Economy/Coach,complete,4/22/2016 12:00:00 AM,
207641,Economy/Coach,complete,4/22/2016 12:00:00 AM,
272530,Premium (Special) Economy,complete,4/22/2016 12:00:00 AM,
274488,Economy/Coach,complete,4/22/2016 12:00:00 AM,
268784,Economy/Coach,complete,4/23/2016 12:00:00 AM,
268783,Economy/Coach,complete,4/23/2016 12:00:00 AM,
207156,Economy/Coach,complete,4/23/2016 12:00:00 AM,
207697,Economy/Coach,complete,4/23/2016 12:00:00 AM,
345504,Economy/Coach,complete,4/23/2016 12:00:00 AM,
207552,Economy/Coach,complete,4/23/2016 12:00:00 AM,
261501,Economy/Coach,complete,4/23/2016 12:00:00 AM,
369011,Premium (Special) Economy,complete,4/24/2016 12:00:00 AM,
273323,Economy/Coach,complete,4/24/2016 12:00:00 AM,
400149,Business,complete,4/24/2016 12:00:00 AM,
272511,Economy/Coach,complete,4/24/2016 12:00:00 AM,
369022,Premium (Special) Economy,complete,4/24/2016 12:00:00 AM,
207711,Economy/Coach,complete,4/24/2016 12:00:00 AM,
207693,Economy/Coach,complete,4/24/2016 12:00:00 AM,
274454,Business,complete,4/25/2016 12:00:00 AM,
207713,Economy/Coach,complete,4/25/2016 12:00:00 AM,
207712,Economy/Coach,complete,4/25/2016 12:00:00 AM,
206790,Premium (Special) Economy,complete,4/25/2016 12:00:00 AM,
206824,Economy/Coach,complete,4/26/2016 12:00:00 AM,
206825,Economy/Coach,complete,4/26/2016 12:00:00 AM,
268809,Economy/Coach,complete,4/26/2016 12:00:00 AM,
268810,Economy/Coach,complete,4/26/2016 12:00:00 AM,
206776,Economy/Coach,complete,4/26/2016 12:00:00 AM,
274270,Economy/Coach,complete,4/26/2016 12:00:00 AM,
274471,Business,complete,4/26/2016 12:00:00 AM,
274470,Business,complete,4/26/2016 12:00:00 AM,
400182,Economy/Coach,complete,4/27/2016 12:00:00 AM,
207575,Economy/Coach,complete,4/28/2016 12:00:00 AM,
207652,Economy/Coach,complete,4/28/2016 12:00:00 AM,
400197,Economy/Coach,complete,4/28/2016 12:00:00 AM,
206860,Economy/Coach,complete,4/28/2016 12:00:00 AM,
274421,Economy/Coach,complete,4/28/2016 12:00:00 AM,
206861,Economy/Coach,complete,4/29/2016 12:00:00 AM,
206980,Economy/Coach,complete,4/29/2016 12:00:00 AM,
268581,Economy/Coach,complete,4/29/2016 12:00:00 AM,
206976,Economy/Coach,complete,4/29/2016 12:00:00 AM,
189944,Economy/Coach,complete,4/29/2016 12:00:00 AM,
207667,Economy/Coach,complete,4/29/2016 12:00:00 AM,
206920,Premium (Special) Economy,complete,4/29/2016 12:00:00 AM,
345018,Economy/Coach,complete,4/30/2016 12:00:00 AM,
207069,Premium (Special) Economy,complete,4/30/2016 12:00:00 AM,
207212,Premium (Special) Economy,complete,4/30/2016 12:00:00 AM,
273526,Economy/Coach,complete,4/30/2016 12:00:00 AM,
182686,Economy/Coach,complete,4/30/2016 12:00:00 AM,
345542,Economy/Coach,complete,5/2/2016 12:00:00 AM,
274056,Economy/Coach,complete,5/3/2016 12:00:00 AM,
204927,Economy/Coach,complete,5/3/2016 12:00:00 AM,
369017,Premium (Special) Economy,complete,5/3/2016 12:00:00 AM,
345543,Economy/Coach,complete,5/3/2016 12:00:00 AM,
345072,Economy/Coach,complete,5/3/2016 12:00:00 AM,
189940,Economy/Coach,complete,5/3/2016 12:00:00 AM,
207529,Economy/Coach,complete,5/3/2016 12:00:00 AM,
345586,Economy/Coach,complete,5/4/2016 12:00:00 AM,
206947,Economy/Coach,complete,5/4/2016 12:00:00 AM,
345071,Economy/Coach,complete,5/4/2016 12:00:00 AM,
269627,Business,complete,5/4/2016 12:00:00 AM,
345530,Economy/Coach,complete,5/4/2016 12:00:00 AM,
269505,Economy/Coach,complete,5/5/2016 12:00:00 AM,
207673,Economy/Coach,complete,5/5/2016 12:00:00 AM,
207672,Economy/Coach,complete,5/5/2016 12:00:00 AM,
206832,Economy/Coach,complete,5/5/2016 12:00:00 AM,
345671,Economy/Coach,complete,5/5/2016 12:00:00 AM,
206833,Economy/Coach,complete,5/5/2016 12:00:00 AM,
345272,Premium (Special) Economy,complete,5/6/2016 12:00:00 AM,
269501,Economy/Coach,complete,5/6/2016 12:00:00 AM,
345648,Economy/Coach,complete,5/6/2016 12:00:00 AM,
272598,Economy/Coach,complete,5/6/2016 12:00:00 AM,
273043,Economy/Coach,complete,5/6/2016 12:00:00 AM,
345290,Premium (Special) Economy,complete,5/7/2016 12:00:00 AM,
204928,Economy/Coach,complete,5/7/2016 12:00:00 AM,
273035,Economy/Coach,complete,5/7/2016 12:00:00 AM,
345547,Economy/Coach,complete,5/8/2016 12:00:00 AM,
345619,Economy/Coach,complete,5/8/2016 12:00:00 AM,
345660,Premium (Special) Economy,complete,5/8/2016 12:00:00 AM,
269649,Economy/Coach,complete,5/8/2016 12:00:00 AM,
367709,Premium (Special) Economy,complete,5/9/2016 12:00:00 AM,
272587,Economy/Coach,complete,5/9/2016 12:00:00 AM,
269747,Economy/Coach,complete,5/9/2016 12:00:00 AM,
345665,Premium (Special) Economy,complete,5/9/2016 12:00:00 AM,
345546,Economy/Coach,complete,5/9/2016 12:00:00 AM,
268926,Economy/Coach,complete,5/9/2016 12:00:00 AM,
345550,Economy/Coach,complete,5/9/2016 12:00:00 AM,
345585,Economy/Coach,complete,5/9/2016 12:00:00 AM,
345584,Economy/Coach,complete,5/9/2016 12:00:00 AM,
260721,Business,complete,5/10/2016 12:00:00 AM,
269746,Economy/Coach,complete,5/10/2016 12:00:00 AM,
269502,Economy/Coach,complete,5/10/2016 12:00:00 AM,
400242,Economy/Coach,complete,5/10/2016 12:00:00 AM,
205903,Economy/Coach,complete,5/10/2016 12:00:00 AM,
367708,Premium (Special) Economy,complete,5/12/2016 12:00:00 AM,
345659,Premium (Special) Economy,complete,5/12/2016 12:00:00 AM,
268828,Economy/Coach,complete,5/12/2016 12:00:00 AM,
272614,Economy/Coach,complete,5/12/2016 12:00:00 AM,
274043,Economy/Coach,complete,5/12/2016 12:00:00 AM,
274090,Premium (Special) Economy,complete,5/13/2016 12:00:00 AM,
345728,Economy/Coach,complete,5/13/2016 12:00:00 AM,
345621,Economy/Coach,complete,5/14/2016 12:00:00 AM,
345111,Economy/Coach,complete,5/14/2016 12:00:00 AM,
345055,Economy/Coach,complete,5/14/2016 12:00:00 AM,
345010,Economy/Coach,complete,5/14/2016 12:00:00 AM,
345091,Economy/Coach,complete,5/14/2016 12:00:00 AM,
268625,Premium (Special) Economy,complete,5/14/2016 12:00:00 AM,
269666,Economy/Coach,complete,5/14/2016 12:00:00 AM,
367539,Economy/Coach,complete,5/15/2016 12:00:00 AM,
269674,Economy/Coach,complete,5/15/2016 12:00:00 AM,
345346,Business,complete,5/15/2016 12:00:00 AM,
269644,Economy/Coach,complete,5/15/2016 12:00:00 AM,
400506,Business,complete,5/15/2016 12:00:00 AM,
400505,Economy/Coach,complete,5/15/2016 12:00:00 AM,
345089,Economy/Coach,complete,5/15/2016 12:00:00 AM,
345019,Economy/Coach,complete,5/15/2016 12:00:00 AM,
345020,Economy/Coach,complete,5/15/2016 12:00:00 AM,
345301,Economy/Coach,complete,5/15/2016 12:00:00 AM,
367748,Economy/Coach,complete,5/15/2016 12:00:00 AM,
345730,Premium (Special) Economy,complete,5/15/2016 12:00:00 AM,
405731,Economy/Coach,complete,5/16/2016 12:00:00 AM,
345312,Economy/Coach,complete,5/16/2016 12:00:00 AM,
189967,Economy/Coach,complete,5/16/2016 12:00:00 AM,
189956,Premium (Special) Economy,complete,5/16/2016 12:00:00 AM,
345170,Economy/Coach,complete,5/16/2016 12:00:00 AM,
189985,Economy/Coach,complete,5/16/2016 12:00:00 AM,
189998,Economy/Coach,complete,5/16/2016 12:00:00 AM,
369192,Business,complete,5/17/2016 12:00:00 AM,
367766,Economy/Coach,complete,5/17/2016 12:00:00 AM,
269933,Economy/Coach,complete,5/17/2016 12:00:00 AM,
345319,Economy/Coach,complete,5/17/2016 12:00:00 AM,
345128,Economy/Coach,complete,5/17/2016 12:00:00 AM,
274403,Business,complete,5/17/2016 12:00:00 AM,
345256,Economy/Coach,complete,5/18/2016 12:00:00 AM,
206991,Economy/Coach,complete,5/18/2016 12:00:00 AM,
345371,Economy/Coach,complete,5/18/2016 12:00:00 AM,
345549,Economy/Coach,complete,5/18/2016 12:00:00 AM,
345279,Economy/Coach,complete,5/18/2016 12:00:00 AM,
405677,Economy/Coach,complete,5/19/2016 12:00:00 AM,
271836,Economy/Coach,complete,5/19/2016 12:00:00 AM,
271909,Business,complete,5/19/2016 12:00:00 AM,
268935,Economy/Coach,complete,5/19/2016 12:00:00 AM,
231216,Economy/Coach,complete,5/19/2016 12:00:00 AM,
405682,Economy/Coach,complete,5/20/2016 12:00:00 AM,
271825,Economy/Coach,complete,5/22/2016 12:00:00 AM,
191255,Economy/Coach,complete,5/20/2016 12:00:00 AM,
264263,Economy/Coach,complete,5/20/2016 12:00:00 AM,
271788,Economy/Coach,complete,5/21/2016 12:00:00 AM,
271800,Economy/Coach,complete,5/21/2016 12:00:00 AM,
345258,Economy/Coach,complete,5/21/2016 12:00:00 AM,
345639,Economy/Coach,complete,5/21/2016 12:00:00 AM,
271801,Economy/Coach,complete,5/22/2016 12:00:00 AM,
367710,Economy/Coach,complete,5/22/2016 12:00:00 AM,
345372,Economy/Coach,complete,5/22/2016 12:00:00 AM,
274159,Premium (Special) Economy,complete,5/22/2016 12:00:00 AM,
345552,Economy/Coach,complete,5/22/2016 12:00:00 AM,
345337,Economy/Coach,complete,5/22/2016 12:00:00 AM,
273548,Economy/Coach,complete,5/22/2016 12:00:00 AM,
407162,Economy/Coach,complete,5/23/2016 12:00:00 AM,
271983,Economy/Coach,complete,5/23/2016 12:00:00 AM,
271799,Economy/Coach,complete,5/23/2016 12:00:00 AM,
205833,Economy/Coach,complete,5/24/2016 12:00:00 AM,
269701,Economy/Coach,complete,5/24/2016 12:00:00 AM,
345034,Economy/Coach,complete,5/24/2016 12:00:00 AM,
345173,Economy/Coach,complete,5/24/2016 12:00:00 AM,
271994,Economy/Coach,complete,5/24/2016 12:00:00 AM,
271995,Economy/Coach,complete,5/24/2016 12:00:00 AM,
345565,Economy/Coach,complete,5/24/2016 12:00:00 AM,
271972,Business,complete,5/24/2016 12:00:00 AM,
345141,Economy/Coach,complete,5/25/2016 12:00:00 AM,
345564,Economy/Coach,complete,5/25/2016 12:00:00 AM,
345129,Economy/Coach,complete,5/25/2016 12:00:00 AM,
271948,Premium (Special) Economy,complete,5/25/2016 12:00:00 AM,
273128,Economy/Coach,complete,5/26/2016 12:00:00 AM,
191284,Economy/Coach,complete,5/26/2016 12:00:00 AM,
272642,Premium (Special) Economy,complete,5/26/2016 12:00:00 AM,
273142,Economy/Coach,complete,5/27/2016 12:00:00 AM,
271992,Premium (Special) Economy,complete,5/27/2016 12:00:00 AM,
345284,Economy/Coach,complete,5/27/2016 12:00:00 AM,
345253,Economy/Coach,complete,5/28/2016 12:00:00 AM,
345159,Economy/Coach,complete,5/28/2016 12:00:00 AM,
274186,Business,complete,5/28/2016 12:00:00 AM,
369107,Economy/Coach,complete,5/29/2016 12:00:00 AM,
265710,Economy/Coach,complete,5/29/2016 12:00:00 AM,
269562,Economy/Coach,complete,5/29/2016 12:00:00 AM,
345378,Economy/Coach,complete,5/29/2016 12:00:00 AM,
345160,Economy/Coach,complete,5/29/2016 12:00:00 AM,
191275,Economy/Coach,complete,5/29/2016 12:00:00 AM,
271769,Economy/Coach,complete,5/29/2016 12:00:00 AM,
191298,Economy/Coach,complete,5/29/2016 12:00:00 AM,
191276,Economy/Coach,complete,5/29/2016 12:00:00 AM,
191273,Economy/Coach,complete,5/29/2016 12:00:00 AM,
274184,Business,complete,5/29/2016 12:00:00 AM,
345169,Economy/Coach,complete,5/30/2016 12:00:00 AM,
179752,Business,complete,5/30/2016 12:00:00 AM,
269590,Economy/Coach,complete,5/30/2016 12:00:00 AM,
191256,Economy/Coach,complete,5/30/2016 12:00:00 AM,
271965,Economy/Coach,complete,5/30/2016 12:00:00 AM,
191300,Economy/Coach,complete,5/30/2016 12:00:00 AM,
271810,Business,complete,5/30/2016 12:00:00 AM,
405585,Business,complete,5/30/2016 12:00:00 AM,
191301,Economy/Coach,complete,5/31/2016 12:00:00 AM,
345579,Economy/Coach,complete,5/31/2016 12:00:00 AM,
345580,Economy/Coach,complete,5/31/2016 12:00:00 AM,
345137,Economy/Coach,complete,5/31/2016 12:00:00 AM,
345161,Economy/Coach,complete,5/31/2016 12:00:00 AM,
182449,Business,complete,6/1/2016 12:00:00 AM,
405530,Premium (Special) Economy,complete,6/1/2016 12:00:00 AM,
271957,Economy/Coach,complete,6/1/2016 12:00:00 AM,
271945,Economy/Coach,complete,6/1/2016 12:00:00 AM,
345539,Economy/Coach,complete,6/1/2016 12:00:00 AM,
269050,First,complete,6/2/2016 12:00:00 AM,
189982,Economy/Coach,complete,6/2/2016 12:00:00 AM,
271605,Business,complete,6/2/2016 12:00:00 AM,
345166,Premium (Special) Economy,complete,6/2/2016 12:00:00 AM,
271923,Economy/Coach,complete,6/2/2016 12:00:00 AM,
271635,Economy/Coach,complete,6/3/2016 12:00:00 AM,
271523,Economy/Coach,complete,6/3/2016 12:00:00 AM,
271765,Premium (Special) Economy,complete,6/3/2016 12:00:00 AM,
345014,Economy/Coach,complete,6/3/2016 12:00:00 AM,
274131,Economy/Coach,complete,6/4/2016 12:00:00 AM,
368657,Economy/Coach,complete,6/4/2016 12:00:00 AM,
368658,Economy/Coach,complete,6/4/2016 12:00:00 AM,
182648,Economy/Coach,complete,6/4/2016 12:00:00 AM,
191002,Economy/Coach,complete,6/5/2016 12:00:00 AM,
367767,Economy/Coach,complete,6/5/2016 12:00:00 AM,
191017,Economy/Coach,complete,6/5/2016 12:00:00 AM,
274388,Economy/Coach,complete,6/5/2016 12:00:00 AM,
271910,Business,complete,6/6/2016 12:00:00 AM,
231236,Economy/Coach,complete,6/6/2016 12:00:00 AM,
269569,Economy/Coach,complete,6/6/2016 12:00:00 AM,
189994,Economy/Coach,complete,6/6/2016 12:00:00 AM,
271960,Economy/Coach,complete,6/6/2016 12:00:00 AM,
271652,Economy/Coach,complete,6/7/2016 12:00:00 AM,
268668,Business,complete,6/7/2016 12:00:00 AM,
269595,Economy/Coach,complete,6/7/2016 12:00:00 AM,
345146,Economy/Coach,complete,6/7/2016 12:00:00 AM,
191011,Economy/Coach,complete,6/7/2016 12:00:00 AM,
269028,Economy/Coach,complete,6/7/2016 12:00:00 AM,
271661,Economy/Coach,complete,6/7/2016 12:00:00 AM,
191351,Economy/Coach,complete,6/7/2016 12:00:00 AM,
271570,Economy/Coach,complete,6/7/2016 12:00:00 AM,
271730,Business,complete,6/8/2016 12:00:00 AM,
271674,Economy/Coach,complete,6/8/2016 12:00:00 AM,
191003,Economy/Coach,complete,6/8/2016 12:00:00 AM,
191382,Economy/Coach,complete,6/9/2016 12:00:00 AM,
201041,Economy/Coach,complete,6/9/2016 12:00:00 AM,
280375,Economy/Coach,complete,6/9/2016 12:00:00 AM,
207122,Economy/Coach,complete,6/9/2016 12:00:00 AM,
207121,Economy/Coach,complete,6/9/2016 12:00:00 AM,
271675,Economy/Coach,complete,6/9/2016 12:00:00 AM,
345206,Economy/Coach,complete,6/9/2016 12:00:00 AM,
231248,Economy/Coach,complete,6/10/2016 12:00:00 AM,
231249,Economy/Coach,complete,6/10/2016 12:00:00 AM,
271672,Economy/Coach,complete,6/10/2016 12:00:00 AM,
271900,Economy/Coach,complete,6/10/2016 12:00:00 AM,
345420,Premium (Special) Economy,complete,6/11/2016 12:00:00 AM,
367790,Business,complete,6/11/2016 12:00:00 AM,
345147,Economy/Coach,complete,6/11/2016 12:00:00 AM,
345607,Economy/Coach,complete,6/12/2016 12:00:00 AM,
367837,Economy/Coach,complete,6/12/2016 12:00:00 AM,
271537,Economy/Coach,complete,6/12/2016 12:00:00 AM,
271726,Economy/Coach,complete,6/12/2016 12:00:00 AM,
345197,Economy/Coach,complete,6/13/2016 12:00:00 AM,
280355,Business,complete,6/13/2016 12:00:00 AM,
191008,Economy/Coach,complete,6/13/2016 12:00:00 AM,
271742,Economy/Coach,complete,6/13/2016 12:00:00 AM,
345243,Business,complete,6/14/2016 12:00:00 AM,
191359,Economy/Coach,complete,6/14/2016 12:00:00 AM,
271650,Business,complete,6/14/2016 12:00:00 AM,
182390,Economy/Coach,complete,6/14/2016 12:00:00 AM,
345702,Economy/Coach,complete,6/14/2016 12:00:00 AM,
345692,Economy/Coach,complete,6/15/2016 12:00:00 AM,
105440,Economy/Coach,complete,6/15/2016 12:00:00 AM,
191373,Economy/Coach,complete,6/15/2016 12:00:00 AM,
191374,Economy/Coach,complete,6/15/2016 12:00:00 AM,
369994,Economy/Coach,complete,6/16/2016 12:00:00 AM,
105435,Economy/Coach,complete,6/16/2016 12:00:00 AM,
179770,Business,complete,6/16/2016 12:00:00 AM,
271703,Economy/Coach,complete,6/16/2016 12:00:00 AM,
345148,Economy/Coach,complete,6/16/2016 12:00:00 AM,
280447,Economy/Coach,complete,6/16/2016 12:00:00 AM,
191363,Economy/Coach,complete,6/16/2016 12:00:00 AM,
191315,Economy/Coach,complete,6/17/2016 12:00:00 AM,
271704,Economy/Coach,complete,6/17/2016 12:00:00 AM,
191311,Economy/Coach,complete,6/17/2016 12:00:00 AM,
105434,Business,complete,6/17/2016 12:00:00 AM,
269565,Economy/Coach,complete,6/18/2016 12:00:00 AM,
269566,Economy/Coach,complete,6/18/2016 12:00:00 AM,
367923,Economy/Coach,complete,6/18/2016 12:00:00 AM,
368797,Business,complete,6/18/2016 12:00:00 AM,
368796,Business,complete,6/18/2016 12:00:00 AM,
280404,Economy/Coach,complete,6/18/2016 12:00:00 AM,
191360,Premium (Special) Economy,complete,6/18/2016 12:00:00 AM,
400596,Economy/Coach,complete,6/18/2016 12:00:00 AM,
280324,Economy/Coach,complete,6/19/2016 12:00:00 AM,
273275,Economy/Coach,complete,6/19/2016 12:00:00 AM,
191345,Economy/Coach,complete,6/19/2016 12:00:00 AM,
280364,Economy/Coach,complete,6/19/2016 12:00:00 AM,
105430,Economy/Coach,complete,6/20/2016 12:00:00 AM,
191291,Economy/Coach,complete,6/20/2016 12:00:00 AM,
274250,Economy/Coach,complete,6/21/2016 12:00:00 AM,
400578,Economy/Coach,complete,6/21/2016 12:00:00 AM,
367780,Economy/Coach,complete,6/21/2016 12:00:00 AM,
367935,Business,complete,6/22/2016 12:00:00 AM,
345200,Premium (Special) Economy,complete,6/22/2016 12:00:00 AM,
268726,Economy/Coach,complete,6/22/2016 12:00:00 AM,
280173,Economy/Coach,complete,6/22/2016 12:00:00 AM,
280349,Economy/Coach,complete,6/22/2016 12:00:00 AM,
345388,Economy/Coach,complete,6/22/2016 12:00:00 AM,
345436,Economy/Coach,complete,6/22/2016 12:00:00 AM,
179829,Economy/Coach,complete,6/22/2016 12:00:00 AM,
280161,Business,complete,6/23/2016 12:00:00 AM,
179769,Economy/Coach,complete,6/23/2016 12:00:00 AM,
280093,Economy/Coach,complete,6/23/2016 12:00:00 AM,
345203,Economy/Coach,complete,6/23/2016 12:00:00 AM,
280162,Business,complete,6/24/2016 12:00:00 AM,
271713,Business,complete,6/25/2016 12:00:00 AM,
280171,Economy/Coach,complete,6/25/2016 12:00:00 AM,
272864,Premium (Special) Economy,complete,6/25/2016 12:00:00 AM,
280145,Economy/Coach,complete,6/26/2016 12:00:00 AM,
280144,Economy/Coach,complete,6/26/2016 12:00:00 AM,
268731,Economy/Coach,complete,6/26/2016 12:00:00 AM,
191004,Economy/Coach,complete,6/26/2016 12:00:00 AM,
231766,Economy/Coach,complete,6/26/2016 12:00:00 AM,
271715,Business,complete,6/26/2016 12:00:00 AM,
271890,Economy/Coach,complete,6/26/2016 12:00:00 AM,
280150,Economy/Coach,complete,6/26/2016 12:00:00 AM,
280082,Business,complete,6/27/2016 12:00:00 AM,
271749,Economy/Coach,complete,6/27/2016 12:00:00 AM,
191065,Economy/Coach,complete,6/27/2016 12:00:00 AM,
280266,Economy/Coach,complete,6/27/2016 12:00:00 AM,
280138,Business,complete,6/28/2016 12:00:00 AM,
280343,Economy/Coach,complete,6/28/2016 12:00:00 AM,
105439,Business,complete,6/29/2016 12:00:00 AM,
280092,Economy/Coach,complete,6/29/2016 12:00:00 AM,
271613,Economy/Coach,complete,6/29/2016 12:00:00 AM,
280444,Economy/Coach,complete,6/30/2016 12:00:00 AM,
268724,Economy/Coach,complete,6/30/2016 12:00:00 AM,
182651,Economy/Coach,complete,7/1/2016 12:00:00 AM,
345457,Economy/Coach,complete,7/2/2016 12:00:00 AM,
400627,Economy/Coach,complete,7/2/2016 12:00:00 AM,
191361,Economy/Coach,complete,7/2/2016 12:00:00 AM,
280140,Business,complete,7/3/2016 12:00:00 AM,
400615,Business,complete,7/3/2016 12:00:00 AM,
269140,Premium (Special) Economy,complete,7/3/2016 12:00:00 AM,
269734,Economy/Coach,complete,7/6/2016 12:00:00 AM,
400652,Economy/Coach,complete,7/8/2016 12:00:00 AM,
263830,Economy/Coach,complete,7/10/2016 12:00:00 AM,
346518,Economy/Coach,complete,7/10/2016 12:00:00 AM,
368707,Economy/Coach,complete,7/10/2016 12:00:00 AM,
273250,Economy/Coach,complete,7/10/2016 12:00:00 AM,
264226,Economy/Coach,complete,7/10/2016 12:00:00 AM,
280206,Economy/Coach,complete,7/10/2016 12:00:00 AM,
346529,Economy/Coach,complete,7/11/2016 12:00:00 AM,
271577,Economy/Coach,complete,7/11/2016 12:00:00 AM,
280492,Economy/Coach,complete,7/12/2016 12:00:00 AM,
179821,Business,complete,7/12/2016 12:00:00 AM,
280231,Economy/Coach,complete,7/12/2016 12:00:00 AM,
272898,Premium (Special) Economy,complete,7/13/2016 12:00:00 AM,
179805,Economy/Coach,complete,7/13/2016 12:00:00 AM,
273406,Economy/Coach,complete,7/14/2016 12:00:00 AM,
191411,Economy/Coach,complete,7/14/2016 12:00:00 AM,
280249,Economy/Coach,complete,7/15/2016 12:00:00 AM,
191420,Economy/Coach,complete,7/15/2016 12:00:00 AM,
400137,Premium (Special) Economy,complete,7/15/2016 12:00:00 AM,
400138,Economy/Coach,complete,7/15/2016 12:00:00 AM,
273417,Premium (Special) Economy,complete,7/15/2016 12:00:00 AM,
400767,Economy/Coach,complete,7/15/2016 12:00:00 AM,
280241,Economy/Coach,complete,7/16/2016 12:00:00 AM,
282068,Economy/Coach,complete,7/17/2016 12:00:00 AM,
282112,Economy/Coach,complete,7/17/2016 12:00:00 AM,
282146,Business,complete,7/17/2016 12:00:00 AM,
231788,Economy/Coach,complete,7/17/2016 12:00:00 AM,
282038,Economy/Coach,complete,7/18/2016 12:00:00 AM,
368896,Premium (Special) Economy,complete,7/18/2016 12:00:00 AM,
400655,Economy/Coach,complete,7/19/2016 12:00:00 AM,
280474,Economy/Coach,complete,7/19/2016 12:00:00 AM,
282377,Economy/Coach,complete,7/19/2016 12:00:00 AM,
268005,Economy/Coach,complete,7/19/2016 12:00:00 AM,
268004,Economy/Coach,complete,7/19/2016 12:00:00 AM,
282155,Economy/Coach,complete,7/19/2016 12:00:00 AM,
346523,Premium (Special) Economy,complete,7/19/2016 12:00:00 AM,
402255,Economy/Coach,complete,7/19/2016 12:00:00 AM,
231781,Economy/Coach,complete,7/19/2016 12:00:00 AM,
282372,Economy/Coach,complete,7/20/2016 12:00:00 AM,
282116,Economy/Coach,complete,7/20/2016 12:00:00 AM,
280242,Economy/Coach,complete,7/20/2016 12:00:00 AM,
179848,Economy/Coach,complete,7/20/2016 12:00:00 AM,
282225,Economy/Coach,complete,7/21/2016 12:00:00 AM,
346215,Economy/Coach,complete,7/21/2016 12:00:00 AM,
282132,Economy/Coach,complete,7/21/2016 12:00:00 AM,
282226,Business,complete,7/21/2016 12:00:00 AM,
282227,Economy/Coach,complete,7/21/2016 12:00:00 AM,
268742,Economy/Coach,complete,7/21/2016 12:00:00 AM,
179839,Economy/Coach,complete,7/22/2016 12:00:00 AM,
282138,Economy/Coach,complete,7/22/2016 12:00:00 AM,
346158,Economy/Coach,complete,7/22/2016 12:00:00 AM,
402309,Premium (Special) Economy,complete,7/23/2016 12:00:00 AM,
191440,Economy/Coach,complete,7/24/2016 12:00:00 AM,
191439,Economy/Coach,complete,7/24/2016 12:00:00 AM,
191271,Economy/Coach,complete,7/24/2016 12:00:00 AM,
346600,Premium (Special) Economy,complete,7/25/2016 12:00:00 AM,
346608,Premium (Special) Economy,complete,7/25/2016 12:00:00 AM,
273177,Business,complete,7/25/2016 12:00:00 AM,
346503,Economy/Coach,complete,7/26/2016 12:00:00 AM,
368051,Economy/Coach,complete,7/26/2016 12:00:00 AM,
282236,Economy/Coach,complete,7/26/2016 12:00:00 AM,
346605,Economy/Coach,complete,7/26/2016 12:00:00 AM,
402272,Premium (Special) Economy,complete,7/27/2016 12:00:00 AM,
280124,Economy/Coach,complete,7/28/2016 12:00:00 AM,
282199,Economy/Coach,complete,7/28/2016 12:00:00 AM,
280125,Economy/Coach,complete,7/28/2016 12:00:00 AM,
346753,Business,complete,7/28/2016 12:00:00 AM,
346815,Economy/Coach,complete,7/30/2016 12:00:00 AM,
345246,Economy/Coach,complete,7/30/2016 12:00:00 AM,
282048,Economy/Coach,complete,7/31/2016 12:00:00 AM,
346821,Business,complete,8/1/2016 12:00:00 AM,
402271,Economy/Coach,complete,8/1/2016 12:00:00 AM,
268052,Economy/Coach,complete,8/1/2016 12:00:00 AM,
282035,Economy/Coach,complete,8/2/2016 12:00:00 AM,
206728,Business,complete,8/3/2016 12:00:00 AM,
268950,Economy/Coach,complete,8/3/2016 12:00:00 AM,
346642,Economy/Coach,complete,8/3/2016 12:00:00 AM,
410776,Economy/Coach,complete,8/3/2016 12:00:00 AM,
179801,Economy/Coach,complete,8/4/2016 12:00:00 AM,
346892,Economy/Coach,complete,8/5/2016 12:00:00 AM,
368111,Economy/Coach,complete,8/5/2016 12:00:00 AM,
346544,Economy/Coach,complete,8/6/2016 12:00:00 AM,
164543,Economy/Coach,complete,8/7/2016 12:00:00 AM,
282228,Economy/Coach,complete,8/7/2016 12:00:00 AM,
346747,Economy/Coach,complete,8/8/2016 12:00:00 AM,
268622,Business,complete,8/9/2016 12:00:00 AM,
268621,Economy/Coach,complete,8/9/2016 12:00:00 AM,
402261,Premium (Special) Economy,complete,8/10/2016 12:00:00 AM,
346647,Economy/Coach,complete,8/11/2016 12:00:00 AM,
346646,Economy/Coach,complete,8/11/2016 12:00:00 AM,
346581,Economy/Coach,complete,8/11/2016 12:00:00 AM,
346679,Economy/Coach,complete,8/12/2016 12:00:00 AM,
268086,Economy/Coach,complete,8/13/2016 12:00:00 AM,
164509,Economy/Coach,complete,8/15/2016 12:00:00 AM,
368088,Business,complete,8/16/2016 12:00:00 AM,
171522,Economy/Coach,complete,8/16/2016 12:00:00 AM,
346737,Economy/Coach,complete,8/18/2016 12:00:00 AM,
346221,Premium (Special) Economy,complete,8/18/2016 12:00:00 AM,
346833,Economy/Coach,complete,8/19/2016 12:00:00 AM,
209005,Economy/Coach,complete,8/20/2016 12:00:00 AM,
346130,Economy/Coach,complete,8/20/2016 12:00:00 AM,
179806,Economy/Coach,complete,8/22/2016 12:00:00 AM,
346302,Economy/Coach,complete,8/22/2016 12:00:00 AM,
209004,Economy/Coach,complete,8/22/2016 12:00:00 AM,
346776,Economy/Coach,complete,8/22/2016 12:00:00 AM,
209006,Economy/Coach,complete,8/22/2016 12:00:00 AM,
346660,Economy/Coach,complete,8/22/2016 12:00:00 AM,
346788,Economy/Coach,complete,8/22/2016 12:00:00 AM,
209032,Business,complete,8/23/2016 12:00:00 AM,
346535,Economy/Coach,complete,8/24/2016 12:00:00 AM,
346654,Economy/Coach,complete,8/24/2016 12:00:00 AM,
268155,Business,complete,8/25/2016 12:00:00 AM,
209037,Economy/Coach,complete,8/26/2016 12:00:00 AM,
346299,Business,complete,8/26/2016 12:00:00 AM,
368011,Economy/Coach,complete,8/26/2016 12:00:00 AM,
346301,Economy/Coach,complete,8/26/2016 12:00:00 AM,
400731,Economy/Coach,complete,8/27/2016 12:00:00 AM,
346534,Economy/Coach,complete,8/27/2016 12:00:00 AM,
282036,Economy/Coach,complete,8/27/2016 12:00:00 AM,
209123,Economy/Coach,complete,8/29/2016 12:00:00 AM,
282037,Economy/Coach,complete,8/29/2016 12:00:00 AM,
209145,Economy/Coach,complete,8/30/2016 12:00:00 AM,
209102,Economy/Coach,complete,8/30/2016 12:00:00 AM,
209143,Economy/Coach,complete,8/30/2016 12:00:00 AM,
346247,Economy/Coach,complete,8/30/2016 12:00:00 AM,
182641,Economy/Coach,complete,8/31/2016 12:00:00 AM,
209163,Economy/Coach,complete,9/1/2016 12:00:00 AM,
346756,Premium (Special) Economy,complete,9/1/2016 12:00:00 AM,
268180,First,complete,9/1/2016 12:00:00 AM,
209176,Economy/Coach,complete,9/1/2016 12:00:00 AM,
209137,Economy/Coach,complete,9/1/2016 12:00:00 AM,
209434,Economy/Coach,complete,9/4/2016 12:00:00 AM,
346265,Economy/Coach,complete,9/4/2016 12:00:00 AM,
346312,Economy/Coach,complete,9/5/2016 12:00:00 AM,
346390,Economy/Coach,complete,9/5/2016 12:00:00 AM,
402321,Economy/Coach,complete,9/5/2016 12:00:00 AM,
272885,Economy/Coach,complete,9/8/2016 12:00:00 AM,
268983,Premium (Special) Economy,complete,9/9/2016 12:00:00 AM,
402297,Economy/Coach,complete,9/9/2016 12:00:00 AM,
346404,Premium (Special) Economy,complete,9/10/2016 12:00:00 AM,
400813,Economy/Coach,complete,9/11/2016 12:00:00 AM,
209057,Business,complete,9/11/2016 12:00:00 AM,
346443,Economy/Coach,complete,9/12/2016 12:00:00 AM,
346427,Economy/Coach,complete,9/12/2016 12:00:00 AM,
268984,Premium (Special) Economy,complete,9/12/2016 12:00:00 AM,
273022,Economy/Coach,complete,9/13/2016 12:00:00 AM,
346992,Economy/Coach,complete,9/14/2016 12:00:00 AM,
280175,Economy/Coach,complete,9/15/2016 12:00:00 AM,
346730,Economy/Coach,complete,9/16/2016 12:00:00 AM,
368251,Economy/Coach,complete,9/17/2016 12:00:00 AM,
346527,Premium (Special) Economy,complete,9/18/2016 12:00:00 AM,
346449,Economy/Coach,complete,9/18/2016 12:00:00 AM,
268832,Economy/Coach,complete,9/18/2016 12:00:00 AM,
346441,Economy/Coach,complete,9/18/2016 12:00:00 AM,
346391,Economy/Coach,complete,9/18/2016 12:00:00 AM,
346363,Economy/Coach,complete,9/18/2016 12:00:00 AM,
205821,Economy/Coach,complete,9/19/2016 12:00:00 AM,
346388,Economy/Coach,complete,9/19/2016 12:00:00 AM,
268839,Economy/Coach,complete,9/19/2016 12:00:00 AM,
268840,Economy/Coach,complete,9/19/2016 12:00:00 AM,
209192,Economy/Coach,complete,9/20/2016 12:00:00 AM,
269232,Economy/Coach,complete,9/20/2016 12:00:00 AM,
346657,Economy/Coach,complete,9/21/2016 12:00:00 AM,
347297,Economy/Coach,complete,9/22/2016 12:00:00 AM,
347283,Economy/Coach,complete,9/22/2016 12:00:00 AM,
268241,Economy/Coach,complete,9/23/2016 12:00:00 AM,
209199,Economy/Coach,complete,9/24/2016 12:00:00 AM,
346375,Premium (Special) Economy,complete,9/24/2016 12:00:00 AM,
268912,Premium (Special) Economy,complete,9/26/2016 12:00:00 AM,
268908,Economy/Coach,complete,9/26/2016 12:00:00 AM,
209235,Economy/Coach,complete,9/26/2016 12:00:00 AM,
231193,Economy/Coach,complete,9/26/2016 12:00:00 AM,
402365,Economy/Coach,complete,9/27/2016 12:00:00 AM,
268846,Economy/Coach,complete,9/27/2016 12:00:00 AM,
347333,Economy/Coach,complete,9/29/2016 12:00:00 AM,
346487,Economy/Coach,complete,9/29/2016 12:00:00 AM,
345224,Economy/Coach,complete,9/30/2016 12:00:00 AM,
268905,Economy/Coach,complete,10/2/2016 12:00:00 AM,
268906,Economy/Coach,complete,10/2/2016 12:00:00 AM,
347293,Economy/Coach,complete,10/2/2016 12:00:00 AM,
346446,Economy/Coach,complete,10/2/2016 12:00:00 AM,
270314,Economy/Coach,complete,10/3/2016 12:00:00 AM,
270317,Economy/Coach,complete,10/3/2016 12:00:00 AM,
209210,Economy/Coach,complete,10/4/2016 12:00:00 AM,
270316,Economy/Coach,complete,10/4/2016 12:00:00 AM,
346273,Economy/Coach,complete,10/4/2016 12:00:00 AM,
402386,Economy/Coach,complete,10/4/2016 12:00:00 AM,
346526,Economy/Coach,complete,10/4/2016 12:00:00 AM,
347344,Business,complete,10/5/2016 12:00:00 AM,
209198,Premium (Special) Economy,complete,10/6/2016 12:00:00 AM,
347309,Economy/Coach,complete,10/7/2016 12:00:00 AM,
347303,Economy/Coach,complete,10/7/2016 12:00:00 AM,
268887,Premium (Special) Economy,complete,10/9/2016 12:00:00 AM,
268886,Economy/Coach,complete,10/9/2016 12:00:00 AM,
270396,Economy/Coach,complete,10/10/2016 12:00:00 AM,
270432,Economy/Coach,complete,10/11/2016 12:00:00 AM,
270407,Economy/Coach,complete,10/11/2016 12:00:00 AM,
270406,Economy/Coach,complete,10/11/2016 12:00:00 AM,
270425,Premium (Special) Economy,complete,10/12/2016 12:00:00 AM,
268245,Economy/Coach,complete,10/13/2016 12:00:00 AM,
402413,Economy/Coach,complete,10/14/2016 12:00:00 AM,
209136,Economy/Coach,complete,10/14/2016 12:00:00 AM,
402447,Economy/Coach,complete,10/16/2016 12:00:00 AM,
402424,First,complete,10/17/2016 12:00:00 AM,
402448,Economy/Coach,complete,10/17/2016 12:00:00 AM,
347338,Economy/Coach,complete,10/17/2016 12:00:00 AM,
270442,Economy/Coach,complete,10/18/2016 12:00:00 AM,
347369,Business,complete,10/18/2016 12:00:00 AM,
268860,Economy/Coach,complete,10/19/2016 12:00:00 AM,
270437,Economy/Coach,complete,10/20/2016 12:00:00 AM,
268264,Economy/Coach,complete,10/20/2016 12:00:00 AM,
347411,Economy/Coach,complete,10/21/2016 12:00:00 AM,
